session_id,file_source,start_time,end_time,transaction_type,withdrawal_amount,deposit_amount,card_inserted,pin_entered,transaction_completed,notes_dispensed,notes_taken,card_taken,line_count,character_count,session_length_category,authorization_code
ABM250EJ_20250618_20250618.txt_SESSION_2_20250803_093331,ABM250EJ_20250618_20250618.txt,06/18/2025 04:48,06/18/2025 04:49,withdrawal,1000.0,,True,True,True,True,True,True,45,1072,normal,044933
ABM250EJ_20250618_20250618.txt_SESSION_3_20250803_093331,ABM250EJ_20250618_20250618.txt,06/18/2025 04:49,06/18/2025 04:50,withdrawal,1000.0,,True,True,True,True,True,True,45,1072,normal,045035
ABM250EJ_20250618_20250618.txt_SESSION_4_20250803_093331,ABM250EJ_20250618_20250618.txt,06/18/2025 05:29,06/18/2025 05:31,withdrawal,10000.0,,True,True,True,True,True,True,45,1119,normal,580982
ABM250EJ_20250618_20250618.txt_SESSION_5_20250803_093331,ABM250EJ_20250618_20250618.txt,06/18/2025 05:50,06/18/2025 05:51,balance_inquiry,,,True,True,True,False,False,True,31,687,normal,
ABM250EJ_20250618_20250618.txt_SESSION_7_20250803_093331,ABM250EJ_20250618_20250618.txt,06/18/2025 06:10,06/18/2025 06:11,balance_inquiry,,,True,True,True,False,False,True,29,638,normal,
ABM250EJ_20250618_20250618.txt_SESSION_9_20250803_093331,ABM250EJ_20250618_20250618.txt,06/18/2025 06:12,06/18/2025 06:13,withdrawal,2000.0,,True,True,True,True,True,True,45,1119,normal,588037
ABM250EJ_20250618_20250618.txt_SESSION_10_20250803_093331,ABM250EJ_20250618_20250618.txt,06/18/2025 06:15,06/18/2025 06:16,withdrawal,3000.0,,True,True,True,True,True,True,45,1072,normal,061645
ABM250EJ_20250618_20250618.txt_SESSION_11_20250803_093331,ABM250EJ_20250618_20250618.txt,06/18/2025 06:20,06/18/2025 06:21,withdrawal,10000.0,,True,True,True,True,True,True,43,1056,normal,062041
ABM250EJ_20250618_20250618.txt_SESSION_12_20250803_093331,ABM250EJ_20250618_20250618.txt,06/18/2025 06:21,06/18/2025 06:21,balance_inquiry,,,True,True,True,False,False,True,35,793,normal,589969
ABM250EJ_20250618_20250618.txt_SESSION_15_20250803_093331,ABM250EJ_20250618_20250618.txt,06/18/2025 06:29,06/18/2025 06:30,withdrawal,3000.0,,True,True,True,True,True,True,45,1072,normal,062951
ABM250EJ_20250618_20250618.txt_SESSION_19_20250803_093331,ABM250EJ_20250618_20250618.txt,06/18/2025 06:56,06/18/2025 06:57,withdrawal,9000.0,,True,True,True,True,True,True,45,1072,normal,065757
ABM250EJ_20250618_20250618.txt_SESSION_21_20250803_093331,ABM250EJ_20250618_20250618.txt,06/18/2025 06:59,06/18/2025 07:00,balance_inquiry,,,True,True,True,False,False,True,34,772,normal,
ABM250EJ_20250618_20250618.txt_SESSION_22_20250803_093331,ABM250EJ_20250618_20250618.txt,06/18/2025 07:00,06/18/2025 07:01,balance_inquiry,,,True,True,True,False,False,True,15,374,normal,
ABM250EJ_20250618_20250618.txt_SESSION_23_20250803_093331,ABM250EJ_20250618_20250618.txt,06/18/2025 07:01,06/18/2025 07:02,withdrawal,3000.0,,True,True,True,True,True,True,50,1181,normal,070064
ABM250EJ_20250618_20250618.txt_SESSION_25_20250803_093331,ABM250EJ_20250618_20250618.txt,06/18/2025 07:06,06/18/2025 07:07,withdrawal,3000.0,,True,True,True,True,True,True,46,1100,normal,070467
ABM250EJ_20250618_20250618.txt_SESSION_26_20250803_093331,ABM250EJ_20250618_20250618.txt,06/18/2025 07:07,06/18/2025 07:08,withdrawal,21000.0,,True,True,True,True,True,True,43,1056,normal,000727
ABM250EJ_20250618_20250618.txt_SESSION_28_20250803_093331,ABM250EJ_20250618_20250618.txt,06/18/2025 07:14,06/18/2025 07:15,withdrawal,5000.0,,True,True,True,True,True,True,47,1128,normal,071571
ABM250EJ_20250618_20250618.txt_SESSION_29_20250803_093331,ABM250EJ_20250618_20250618.txt,06/18/2025 07:16,06/18/2025 07:16,withdrawal,21000.0,,True,True,True,True,True,True,45,1119,normal,606387
ABM250EJ_20250618_20250618.txt_SESSION_31_20250803_093331,ABM250EJ_20250618_20250618.txt,06/18/2025 07:19,06/18/2025 07:20,,,,True,True,True,False,False,True,27,620,normal,
ABM250EJ_20250618_20250618.txt_SESSION_32_20250803_093331,ABM250EJ_20250618_20250618.txt,06/18/2025 07:20,06/18/2025 07:20,,,,True,True,True,False,False,True,27,613,normal,
ABM250EJ_20250618_20250618.txt_SESSION_33_20250803_093331,ABM250EJ_20250618_20250618.txt,06/18/2025 07:25,06/18/2025 07:26,balance_inquiry,,,True,True,True,False,False,True,31,687,normal,
ABM250EJ_20250618_20250618.txt_SESSION_34_20250803_093331,ABM250EJ_20250618_20250618.txt,06/18/2025 07:29,06/18/2025 07:29,balance_inquiry,,,True,True,True,False,False,True,15,374,normal,
ABM250EJ_20250618_20250618.txt_SESSION_36_20250803_093331,ABM250EJ_20250618_20250618.txt,06/18/2025 07:32,06/18/2025 07:33,withdrawal,15000.0,,True,True,True,True,True,True,45,1072,normal,073180
ABM250EJ_20250618_20250618.txt_SESSION_37_20250803_093331,ABM250EJ_20250618_20250618.txt,06/18/2025 07:34,06/18/2025 07:35,withdrawal,13000.0,,True,True,True,True,True,True,45,1072,normal,073382
ABM250EJ_20250618_20250618.txt_SESSION_38_20250803_093331,ABM250EJ_20250618_20250618.txt,06/18/2025 07:36,06/18/2025 07:37,withdrawal,15000.0,,True,True,True,True,True,True,45,1119,normal,613857
ABM250EJ_20250618_20250618.txt_SESSION_39_20250803_093331,ABM250EJ_20250618_20250618.txt,06/18/2025 07:39,06/18/2025 07:40,balance_inquiry,,,True,True,True,False,False,True,19,438,normal,
ABM250EJ_20250618_20250618.txt_SESSION_40_20250803_093331,ABM250EJ_20250618_20250618.txt,06/18/2025 07:45,06/18/2025 07:46,balance_inquiry,,,True,True,True,False,False,True,38,824,normal,074686
ABM250EJ_20250618_20250618.txt_SESSION_41_20250803_093331,ABM250EJ_20250618_20250618.txt,06/18/2025 07:46,06/18/2025 07:47,withdrawal,1000.0,,True,True,True,True,True,True,45,1072,normal,074688
ABM250EJ_20250618_20250618.txt_SESSION_42_20250803_093331,ABM250EJ_20250618_20250618.txt,06/18/2025 07:48,06/18/2025 07:49,balance_inquiry,,,True,True,True,False,False,True,32,712,normal,
ABM250EJ_20250618_20250618.txt_SESSION_43_20250803_093331,ABM250EJ_20250618_20250618.txt,06/18/2025 07:49,06/18/2025 07:49,,,,True,False,True,False,False,True,9,299,short,
ABM250EJ_20250618_20250618.txt_SESSION_44_20250803_093331,ABM250EJ_20250618_20250618.txt,06/18/2025 07:49,06/18/2025 07:50,balance_inquiry,,,True,True,True,False,False,True,32,715,normal,
ABM250EJ_20250618_20250618.txt_SESSION_45_20250803_093331,ABM250EJ_20250618_20250618.txt,06/18/2025 07:51,06/18/2025 07:52,withdrawal,20000.0,,True,True,True,True,True,True,45,1072,normal,074992
ABM250EJ_20250618_20250618.txt_SESSION_47_20250803_093331,ABM250EJ_20250618_20250618.txt,06/18/2025 07:55,06/18/2025 07:55,,,,True,False,True,False,False,True,9,299,short,
ABM250EJ_20250618_20250618.txt_SESSION_48_20250803_093331,ABM250EJ_20250618_20250618.txt,06/18/2025 07:55,06/18/2025 07:56,withdrawal,2000.0,,True,True,True,True,True,True,45,1072,normal,075595
ABM250EJ_20250618_20250618.txt_SESSION_49_20250803_093331,ABM250EJ_20250618_20250618.txt,06/18/2025 08:01,06/18/2025 08:02,withdrawal,5000.0,,True,True,True,True,True,True,45,1072,normal,080097
ABM250EJ_20250618_20250618.txt_SESSION_50_20250803_093331,ABM250EJ_20250618_20250618.txt,06/18/2025 08:03,06/18/2025 08:04,withdrawal,10000.0,,True,True,True,True,True,True,45,1072,normal,080399
ABM250EJ_20250618_20250618.txt_SESSION_53_20250803_093331,ABM250EJ_20250618_20250618.txt,06/18/2025 08:08,06/18/2025 08:09,withdrawal,41000.0,,True,True,True,True,True,True,40,981,normal,053868
ABM250EJ_20250618_20250618.txt_SESSION_55_20250803_093331,ABM250EJ_20250618_20250618.txt,06/18/2025 08:12,06/18/2025 08:12,balance_inquiry,,,True,False,True,False,False,True,14,346,normal,
ABM250EJ_20250618_20250618.txt_SESSION_56_20250803_093331,ABM250EJ_20250618_20250618.txt,06/18/2025 08:20,06/18/2025 08:21,withdrawal,1000.0,,True,True,True,True,True,True,45,1072,normal,081805
ABM250EJ_20250618_20250618.txt_SESSION_59_20250803_093331,ABM250EJ_20250618_20250618.txt,06/18/2025 08:56,06/18/2025 08:57,balance_inquiry,,,True,False,True,False,False,True,32,736,normal,
ABM250EJ_20250618_20250618.txt_SESSION_60_20250803_093331,ABM250EJ_20250618_20250618.txt,06/18/2025 09:00,06/18/2025 09:01,,,,True,True,True,False,False,True,27,620,normal,
ABM250EJ_20250618_20250618.txt_SESSION_61_20250803_093331,ABM250EJ_20250618_20250618.txt,06/18/2025 09:03,06/18/2025 09:04,balance_inquiry,,,True,True,True,False,False,True,35,775,normal,
ABM250EJ_20250618_20250618.txt_SESSION_62_20250803_093331,ABM250EJ_20250618_20250618.txt,06/18/2025 09:04,06/18/2025 09:06,deposit,,,True,True,True,False,False,True,87,1788,long,090513
ABM250EJ_20250618_20250618.txt_SESSION_63_20250803_093331,ABM250EJ_20250618_20250618.txt,06/18/2025 09:06,06/18/2025 09:07,,,,True,True,True,False,False,True,27,613,normal,
ABM250EJ_20250618_20250618.txt_SESSION_64_20250803_093331,ABM250EJ_20250618_20250618.txt,06/18/2025 09:08,06/18/2025 09:08,balance_inquiry,,,True,False,True,False,False,True,31,690,normal,
ABM250EJ_20250618_20250618.txt_SESSION_65_20250803_093331,ABM250EJ_20250618_20250618.txt,06/18/2025 09:09,06/18/2025 09:10,withdrawal,13000.0,,True,True,True,True,True,True,45,1072,normal,090718
ABM250EJ_20250618_20250618.txt_SESSION_66_20250803_093331,ABM250EJ_20250618_20250618.txt,06/18/2025 09:10,06/18/2025 09:12,balance_inquiry,,,True,False,True,False,False,True,13,318,normal,
ABM250EJ_20250618_20250618.txt_SESSION_67_20250803_093331,ABM250EJ_20250618_20250618.txt,06/18/2025 09:12,06/18/2025 09:14,withdrawal,22000.0,,True,True,True,True,True,True,45,1072,normal,091121
ABM250EJ_20250618_20250618.txt_SESSION_68_20250803_093331,ABM250EJ_20250618_20250618.txt,06/18/2025 09:15,06/18/2025 09:16,balance_inquiry,,,True,True,True,False,False,True,36,772,normal,091623
ABM250EJ_20250618_20250618.txt_SESSION_69_20250803_093331,ABM250EJ_20250618_20250618.txt,06/18/2025 09:16,06/18/2025 09:17,withdrawal,35000.0,,True,True,True,True,True,True,45,1072,normal,091725
ABM250EJ_20250618_20250618.txt_SESSION_70_20250803_093331,ABM250EJ_20250618_20250618.txt,06/18/2025 09:17,06/18/2025 09:18,balance_inquiry,,,True,False,True,False,False,True,31,690,normal,
ABM250EJ_20250618_20250618.txt_SESSION_71_20250803_093331,ABM250EJ_20250618_20250618.txt,06/18/2025 09:27,06/18/2025 09:28,deposit,,,True,True,True,False,False,True,132,2688,long,092629
ABM250EJ_20250618_20250618.txt_SESSION_72_20250803_093331,ABM250EJ_20250618_20250618.txt,06/18/2025 09:29,06/18/2025 09:31,deposit,,,True,True,True,False,False,True,87,1789,long,093031
ABM250EJ_20250618_20250618.txt_SESSION_73_20250803_093331,ABM250EJ_20250618_20250618.txt,06/18/2025 09:31,06/18/2025 09:33,balance_inquiry,,,True,True,True,False,False,True,33,732,normal,
ABM250EJ_20250618_20250618.txt_SESSION_74_20250803_093331,ABM250EJ_20250618_20250618.txt,06/18/2025 09:35,06/18/2025 09:36,withdrawal,40000.0,,True,True,True,True,True,True,45,1072,normal,093535
ABM250EJ_20250618_20250618.txt_SESSION_75_20250803_093331,ABM250EJ_20250618_20250618.txt,06/18/2025 09:36,06/18/2025 09:37,withdrawal,2000.0,,True,True,True,True,True,True,45,1072,normal,093437
ABM250EJ_20250618_20250618.txt_SESSION_76_20250803_093331,ABM250EJ_20250618_20250618.txt,06/18/2025 09:38,06/18/2025 09:40,balance_inquiry,,,True,True,True,False,False,True,35,775,normal,
ABM250EJ_20250618_20250618.txt_SESSION_77_20250803_093331,ABM250EJ_20250618_20250618.txt,06/18/2025 09:40,06/18/2025 09:43,deposit,,,True,True,True,False,False,True,93,1905,long,094041
ABM250EJ_20250618_20250618.txt_SESSION_78_20250803_093331,ABM250EJ_20250618_20250618.txt,06/18/2025 09:43,06/18/2025 09:45,withdrawal,50000.0,,True,True,True,True,True,True,45,1072,normal,094443
ABM250EJ_20250618_20250618.txt_SESSION_79_20250803_093331,ABM250EJ_20250618_20250618.txt,06/18/2025 09:45,06/18/2025 09:47,deposit,,,True,True,True,False,False,True,87,1789,long,094645
ABM250EJ_20250618_20250618.txt_SESSION_80_20250803_093331,ABM250EJ_20250618_20250618.txt,06/18/2025 09:49,06/18/2025 09:50,deposit,,,True,True,True,False,False,True,87,1784,long,094847
ABM250EJ_20250618_20250618.txt_SESSION_81_20250803_093331,ABM250EJ_20250618_20250618.txt,06/18/2025 09:55,06/18/2025 09:56,withdrawal,5000.0,,True,True,True,True,True,True,45,1072,normal,095349
ABM250EJ_20250618_20250618.txt_SESSION_82_20250803_093331,ABM250EJ_20250618_20250618.txt,06/18/2025 10:00,06/18/2025 10:01,withdrawal,81000.0,,True,True,True,True,True,True,45,1072,normal,100051
ABM250EJ_20250618_20250618.txt_SESSION_83_20250803_093331,ABM250EJ_20250618_20250618.txt,06/18/2025 10:01,06/18/2025 10:02,withdrawal,86000.0,,True,True,True,True,True,True,45,1072,normal,100153
ABM250EJ_20250618_20250618.txt_SESSION_84_20250803_093331,ABM250EJ_20250618_20250618.txt,06/18/2025 10:02,06/18/2025 10:03,withdrawal,4000.0,,True,True,True,True,True,True,45,1072,normal,100055
ABM250EJ_20250618_20250618.txt_SESSION_85_20250803_093331,ABM250EJ_20250618_20250618.txt,06/18/2025 10:03,06/18/2025 10:05,withdrawal,21000.0,,True,True,True,True,True,True,50,1181,normal,100458
ABM250EJ_20250618_20250618.txt_SESSION_86_20250803_093331,ABM250EJ_20250618_20250618.txt,06/18/2025 10:05,06/18/2025 10:05,balance_inquiry,,,True,True,True,False,False,True,31,704,normal,055497
ABM250EJ_20250618_20250618.txt_SESSION_88_20250803_093331,ABM250EJ_20250618_20250618.txt,06/18/2025 10:21,06/18/2025 10:22,,,,True,True,True,False,False,True,28,672,normal,
ABM250EJ_20250618_20250618.txt_SESSION_89_20250803_093331,ABM250EJ_20250618_20250618.txt,06/18/2025 10:22,06/18/2025 10:23,balance_inquiry,,,True,True,True,False,False,True,31,704,normal,087838
ABM250EJ_20250618_20250618.txt_SESSION_90_20250803_093331,ABM250EJ_20250618_20250618.txt,06/18/2025 10:23,06/18/2025 10:25,deposit,,,True,True,True,False,False,True,87,1788,long,102264
ABM250EJ_20250618_20250618.txt_SESSION_91_20250803_093331,ABM250EJ_20250618_20250618.txt,06/18/2025 10:26,06/18/2025 10:27,balance_inquiry,,,True,True,True,False,False,True,15,374,normal,
ABM250EJ_20250618_20250618.txt_SESSION_92_20250803_093331,ABM250EJ_20250618_20250618.txt,06/18/2025 10:28,06/18/2025 10:29,balance_inquiry,,,True,True,True,False,False,True,32,716,normal,
ABM250EJ_20250618_20250618.txt_SESSION_93_20250803_093331,ABM250EJ_20250618_20250618.txt,06/18/2025 10:29,06/18/2025 10:30,withdrawal,3000.0,,True,True,True,True,True,True,45,1072,normal,102969
ABM250EJ_20250618_20250618.txt_SESSION_94_20250803_093331,ABM250EJ_20250618_20250618.txt,06/18/2025 10:31,06/18/2025 10:32,balance_inquiry,,,True,False,True,False,False,True,35,776,normal,022296
ABM250EJ_20250618_20250618.txt_SESSION_96_20250803_093331,ABM250EJ_20250618_20250618.txt,06/18/2025 10:35,06/18/2025 10:36,balance_inquiry,,,True,False,True,False,False,True,31,690,normal,
ABM250EJ_20250618_20250618.txt_SESSION_97_20250803_093331,ABM250EJ_20250618_20250618.txt,06/18/2025 10:39,06/18/2025 10:40,balance_inquiry,,,True,False,True,False,False,True,31,690,normal,
ABM250EJ_20250618_20250618.txt_SESSION_98_20250803_093331,ABM250EJ_20250618_20250618.txt,06/18/2025 10:43,06/18/2025 10:44,deposit,,,True,True,True,False,False,True,87,1788,long,104479
ABM250EJ_20250618_20250618.txt_SESSION_99_20250803_093331,ABM250EJ_20250618_20250618.txt,06/18/2025 10:44,06/18/2025 10:46,deposit,,,True,True,True,False,False,True,93,1908,long,104381
ABM250EJ_20250618_20250618.txt_SESSION_100_20250803_093331,ABM250EJ_20250618_20250618.txt,06/18/2025 10:46,06/18/2025 10:47,withdrawal,1000.0,,True,True,True,True,True,True,45,1072,normal,104683
ABM250EJ_20250618_20250618.txt_SESSION_101_20250803_093331,ABM250EJ_20250618_20250618.txt,06/18/2025 10:47,06/18/2025 10:48,withdrawal,10000.0,,True,True,True,True,True,True,47,1128,normal,104785
ABM250EJ_20250618_20250618.txt_SESSION_102_20250803_093331,ABM250EJ_20250618_20250618.txt,06/18/2025 10:48,06/18/2025 10:49,withdrawal,2000.0,,True,True,True,True,True,True,43,1056,normal,104857
ABM250EJ_20250618_20250618.txt_SESSION_103_20250803_093331,ABM250EJ_20250618_20250618.txt,06/18/2025 10:49,06/18/2025 10:50,balance_inquiry,,,True,False,True,False,False,True,35,776,normal,043018
ABM250EJ_20250618_20250618.txt_SESSION_104_20250803_093331,ABM250EJ_20250618_20250618.txt,06/18/2025 10:50,06/18/2025 10:51,withdrawal,20000.0,,True,True,True,True,True,True,45,1072,normal,104890
ABM250EJ_20250618_20250618.txt_SESSION_105_20250803_093331,ABM250EJ_20250618_20250618.txt,06/18/2025 10:51,06/18/2025 10:52,balance_inquiry,,,True,False,True,False,False,True,31,690,normal,
ABM250EJ_20250618_20250618.txt_SESSION_106_20250803_093331,ABM250EJ_20250618_20250618.txt,06/18/2025 10:53,06/18/2025 10:55,balance_inquiry,,,True,False,True,False,False,True,32,704,normal,
ABM250EJ_20250618_20250618.txt_SESSION_107_20250803_093331,ABM250EJ_20250618_20250618.txt,06/18/2025 10:55,06/18/2025 10:56,withdrawal,20000.0,,True,True,True,True,True,True,45,1072,normal,105696
ABM250EJ_20250618_20250618.txt_SESSION_108_20250803_093331,ABM250EJ_20250618_20250618.txt,06/18/2025 10:56,06/18/2025 10:57,withdrawal,7000.0,,True,True,True,True,True,True,45,1072,normal,105598
ABM250EJ_20250618_20250618.txt_SESSION_109_20250803_093331,ABM250EJ_20250618_20250618.txt,06/18/2025 10:57,06/18/2025 10:58,withdrawal,10000.0,,True,True,True,True,True,True,45,1072,normal,105600
ABM250EJ_20250618_20250618.txt_SESSION_110_20250803_093331,ABM250EJ_20250618_20250618.txt,06/18/2025 10:59,06/18/2025 10:59,balance_inquiry,,,True,True,True,False,False,True,15,374,normal,
ABM250EJ_20250618_20250618.txt_SESSION_111_20250803_093331,ABM250EJ_20250618_20250618.txt,06/18/2025 10:59,06/18/2025 11:00,withdrawal,1000.0,,True,True,True,True,True,True,45,1119,normal,002234
ABM250EJ_20250618_20250618.txt_SESSION_112_20250803_093331,ABM250EJ_20250618_20250618.txt,06/18/2025 11:00,06/18/2025 11:02,withdrawal,5000.0,,True,True,True,True,True,True,43,1050,normal,1
ABM250EJ_20250618_20250618.txt_SESSION_113_20250803_093331,ABM250EJ_20250618_20250618.txt,06/18/2025 11:02,06/18/2025 11:03,withdrawal,6000.0,,True,True,True,True,True,True,45,1072,normal,110005
ABM250EJ_20250618_20250618.txt_SESSION_114_20250803_093331,ABM250EJ_20250618_20250618.txt,06/18/2025 11:03,06/18/2025 11:04,balance_inquiry,,,True,False,True,False,False,True,31,690,normal,
ABM250EJ_20250618_20250618.txt_SESSION_115_20250803_093331,ABM250EJ_20250618_20250618.txt,06/18/2025 11:04,06/18/2025 11:05,withdrawal,5000.0,,True,True,True,True,True,True,45,1072,normal,110409
ABM250EJ_20250618_20250618.txt_SESSION_116_20250803_093331,ABM250EJ_20250618_20250618.txt,06/18/2025 11:05,06/18/2025 11:06,balance_inquiry,,,True,False,True,False,False,True,14,346,normal,
ABM250EJ_20250618_20250618.txt_SESSION_117_20250803_093331,ABM250EJ_20250618_20250618.txt,06/18/2025 11:06,06/18/2025 11:07,balance_inquiry,,,True,False,True,False,False,True,31,690,normal,
ABM250EJ_20250618_20250618.txt_SESSION_118_20250803_093331,ABM250EJ_20250618_20250618.txt,06/18/2025 11:09,06/18/2025 11:10,balance_inquiry,,,True,True,True,False,False,True,15,374,normal,
ABM250EJ_20250618_20250618.txt_SESSION_119_20250803_093331,ABM250EJ_20250618_20250618.txt,06/18/2025 11:10,06/18/2025 11:11,deposit,,,True,True,True,False,False,True,87,1788,long,110815
ABM250EJ_20250618_20250618.txt_SESSION_120_20250803_093331,ABM250EJ_20250618_20250618.txt,06/18/2025 11:11,06/18/2025 11:12,withdrawal,3000.0,,True,True,True,True,True,True,45,1072,normal,111017
ABM250EJ_20250618_20250618.txt_SESSION_121_20250803_093331,ABM250EJ_20250618_20250618.txt,06/18/2025 11:12,06/18/2025 11:16,deposit,,,True,True,True,False,False,True,104,2120,long,
ABM250EJ_20250618_20250618.txt_SESSION_122_20250803_093331,ABM250EJ_20250618_20250618.txt,06/18/2025 11:16,06/18/2025 11:20,deposit,,,True,True,True,False,False,True,128,2550,long,
ABM250EJ_20250618_20250618.txt_SESSION_123_20250803_093331,ABM250EJ_20250618_20250618.txt,06/18/2025 11:20,06/18/2025 11:22,deposit,,,True,True,True,False,False,True,87,1784,long,111922
ABM250EJ_20250618_20250618.txt_SESSION_124_20250803_093331,ABM250EJ_20250618_20250618.txt,06/18/2025 11:22,06/18/2025 11:23,withdrawal,5000.0,,True,True,True,True,True,True,45,1072,normal,112324
ABM250EJ_20250618_20250618.txt_SESSION_125_20250803_093331,ABM250EJ_20250618_20250618.txt,06/18/2025 11:23,06/18/2025 11:24,withdrawal,26000.0,,True,True,True,True,True,True,45,1072,normal,112426
ABM250EJ_20250618_20250618.txt_SESSION_126_20250803_093331,ABM250EJ_20250618_20250618.txt,06/18/2025 11:25,06/18/2025 11:26,withdrawal,10000.0,,True,True,True,True,True,True,45,1072,normal,112428
ABM250EJ_20250618_20250618.txt_SESSION_127_20250803_093331,ABM250EJ_20250618_20250618.txt,06/18/2025 11:27,06/18/2025 11:29,balance_inquiry,,,True,True,True,False,False,True,51,1102,long,
ABM250EJ_20250618_20250618.txt_SESSION_128_20250803_093331,ABM250EJ_20250618_20250618.txt,06/18/2025 11:29,06/18/2025 11:30,balance_inquiry,,,True,True,True,False,False,True,36,803,normal,
ABM250EJ_20250618_20250618.txt_SESSION_129_20250803_093331,ABM250EJ_20250618_20250618.txt,06/18/2025 11:30,06/18/2025 11:32,deposit,,,True,True,True,False,False,True,98,2028,long,643126
ABM250EJ_20250618_20250618.txt_SESSION_130_20250803_093331,ABM250EJ_20250618_20250618.txt,06/18/2025 11:32,06/18/2025 11:33,deposit,,,True,True,True,False,False,True,87,1788,long,113136
ABM250EJ_20250618_20250618.txt_SESSION_131_20250803_093331,ABM250EJ_20250618_20250618.txt,06/18/2025 11:34,06/18/2025 11:37,deposit,,,True,True,True,False,False,True,112,2336,long,113638
ABM250EJ_20250618_20250618.txt_SESSION_132_20250803_093331,ABM250EJ_20250618_20250618.txt,06/18/2025 11:37,06/18/2025 11:38,,,,True,False,True,False,False,True,9,299,short,
ABM250EJ_20250618_20250618.txt_SESSION_133_20250803_093331,ABM250EJ_20250618_20250618.txt,06/18/2025 11:38,06/18/2025 11:39,withdrawal,10000.0,,True,True,True,True,True,True,45,1072,normal,113640
ABM250EJ_20250618_20250618.txt_SESSION_134_20250803_093331,ABM250EJ_20250618_20250618.txt,06/18/2025 11:41,06/18/2025 11:42,deposit,,,True,True,True,False,False,True,87,1788,long,114042
ABM250EJ_20250618_20250618.txt_SESSION_135_20250803_093331,ABM250EJ_20250618_20250618.txt,06/18/2025 11:45,06/18/2025 11:46,withdrawal,10000.0,,True,True,True,True,True,True,45,1072,normal,114644
ABM250EJ_20250618_20250618.txt_SESSION_136_20250803_093331,ABM250EJ_20250618_20250618.txt,06/18/2025 11:47,06/18/2025 11:48,withdrawal,50000.0,,True,True,True,True,True,True,50,1181,normal,114647
ABM250EJ_20250618_20250618.txt_SESSION_137_20250803_093331,ABM250EJ_20250618_20250618.txt,06/18/2025 11:49,06/18/2025 11:50,withdrawal,46000.0,,True,True,True,True,True,True,45,1072,normal,114749
ABM250EJ_20250618_20250618.txt_SESSION_138_20250803_093331,ABM250EJ_20250618_20250618.txt,06/18/2025 11:50,06/18/2025 11:55,deposit,,,True,True,True,False,False,True,178,3653,long,655455
ABM250EJ_20250618_20250618.txt_SESSION_139_20250803_093331,ABM250EJ_20250618_20250618.txt,06/18/2025 11:55,06/18/2025 11:56,balance_inquiry,,,True,True,True,False,False,True,32,712,normal,
ABM250EJ_20250618_20250618.txt_SESSION_140_20250803_093331,ABM250EJ_20250618_20250618.txt,06/18/2025 11:56,06/18/2025 11:57,withdrawal,10000.0,,True,True,True,True,True,True,45,1072,normal,115754
ABM250EJ_20250618_20250618.txt_SESSION_141_20250803_093331,ABM250EJ_20250618_20250618.txt,06/18/2025 11:58,06/18/2025 11:59,withdrawal,60000.0,,True,True,True,True,True,True,45,1072,normal,115656
ABM250EJ_20250618_20250618.txt_SESSION_142_20250803_093331,ABM250EJ_20250618_20250618.txt,06/18/2025 11:59,06/18/2025 12:00,withdrawal,40000.0,,True,True,True,True,True,True,45,1072,normal,120058
ABM250EJ_20250618_20250618.txt_SESSION_143_20250803_093331,ABM250EJ_20250618_20250618.txt,06/18/2025 12:00,06/18/2025 12:01,withdrawal,27000.0,,True,True,True,True,True,True,45,1072,normal,120160
ABM250EJ_20250618_20250618.txt_SESSION_144_20250803_093331,ABM250EJ_20250618_20250618.txt,06/18/2025 12:02,06/18/2025 12:04,deposit,,,True,True,True,False,False,True,112,2336,long,120162
ABM250EJ_20250618_20250618.txt_SESSION_145_20250803_093331,ABM250EJ_20250618_20250618.txt,06/18/2025 12:04,06/18/2025 12:05,withdrawal,24000.0,,True,True,True,True,True,True,46,1100,normal,813148
ABM250EJ_20250618_20250618.txt_SESSION_146_20250803_093331,ABM250EJ_20250618_20250618.txt,06/18/2025 12:05,06/18/2025 12:06,deposit,,,True,True,True,False,False,True,83,1722,long,663780
ABM250EJ_20250618_20250618.txt_SESSION_147_20250803_093331,ABM250EJ_20250618_20250618.txt,06/18/2025 12:06,06/18/2025 12:07,balance_inquiry,,,True,False,True,False,False,True,31,690,normal,
ABM250EJ_20250618_20250618.txt_SESSION_148_20250803_093331,ABM250EJ_20250618_20250618.txt,06/18/2025 12:07,06/18/2025 12:08,balance_inquiry,,,True,False,True,False,False,True,31,690,normal,
ABM250EJ_20250618_20250618.txt_SESSION_149_20250803_093331,ABM250EJ_20250618_20250618.txt,06/18/2025 12:09,06/18/2025 12:10,balance_inquiry,,,True,True,True,False,False,True,34,770,normal,
ABM250EJ_20250618_20250618.txt_SESSION_150_20250803_093331,ABM250EJ_20250618_20250618.txt,06/18/2025 12:10,06/18/2025 12:12,balance_inquiry,,,True,False,True,False,False,True,31,690,normal,
ABM250EJ_20250618_20250618.txt_SESSION_151_20250803_093331,ABM250EJ_20250618_20250618.txt,06/18/2025 12:13,06/18/2025 12:14,withdrawal,5000.0,,True,True,True,True,True,True,45,1072,normal,121374
ABM250EJ_20250618_20250618.txt_SESSION_153_20250803_093331,ABM250EJ_20250618_20250618.txt,06/18/2025 12:22,06/18/2025 12:23,balance_inquiry,,,True,False,True,False,False,True,36,822,normal,091300
ABM250EJ_20250618_20250618.txt_SESSION_154_20250803_093331,ABM250EJ_20250618_20250618.txt,06/18/2025 12:23,06/18/2025 12:24,balance_inquiry,,,True,True,True,False,False,True,35,775,normal,
ABM250EJ_20250618_20250618.txt_SESSION_155_20250803_093331,ABM250EJ_20250618_20250618.txt,06/18/2025 12:24,06/18/2025 12:25,withdrawal,15000.0,,True,True,True,True,True,True,45,1072,normal,122582
ABM250EJ_20250618_20250618.txt_SESSION_156_20250803_093331,ABM250EJ_20250618_20250618.txt,06/18/2025 12:25,06/18/2025 12:26,withdrawal,5000.0,,True,True,True,True,True,True,45,1072,normal,122484
ABM250EJ_20250618_20250618.txt_SESSION_157_20250803_093331,ABM250EJ_20250618_20250618.txt,06/18/2025 12:26,06/18/2025 12:27,withdrawal,10000.0,,True,True,True,True,True,True,45,1072,normal,122586
ABM250EJ_20250618_20250618.txt_SESSION_158_20250803_093331,ABM250EJ_20250618_20250618.txt,06/18/2025 12:27,06/18/2025 12:29,deposit,,,True,True,True,False,False,True,87,1788,long,122888
ABM250EJ_20250618_20250618.txt_SESSION_159_20250803_093331,ABM250EJ_20250618_20250618.txt,06/18/2025 12:29,06/18/2025 12:30,withdrawal,16000.0,,True,True,True,True,True,True,45,1072,normal,122790
ABM250EJ_20250618_20250618.txt_SESSION_160_20250803_093331,ABM250EJ_20250618_20250618.txt,06/18/2025 12:30,06/18/2025 12:31,withdrawal,40000.0,,True,True,True,True,True,True,45,1119,normal,791868
ABM250EJ_20250618_20250618.txt_SESSION_161_20250803_093331,ABM250EJ_20250618_20250618.txt,06/18/2025 12:33,06/18/2025 12:33,balance_inquiry,,,True,True,True,False,False,True,15,374,normal,
ABM250EJ_20250618_20250618.txt_SESSION_162_20250803_093331,ABM250EJ_20250618_20250618.txt,06/18/2025 12:33,06/18/2025 12:34,withdrawal,6000.0,,True,True,True,True,True,True,45,1072,normal,123294
ABM250EJ_20250618_20250618.txt_SESSION_163_20250803_093331,ABM250EJ_20250618_20250618.txt,06/18/2025 12:36,06/18/2025 12:37,withdrawal,5000.0,,True,True,True,True,True,True,45,1072,normal,123496
ABM250EJ_20250618_20250618.txt_SESSION_164_20250803_093331,ABM250EJ_20250618_20250618.txt,06/18/2025 12:39,06/18/2025 12:41,deposit,,,True,True,True,False,False,True,93,1973,long,123898
ABM250EJ_20250618_20250618.txt_SESSION_165_20250803_093331,ABM250EJ_20250618_20250618.txt,06/18/2025 12:41,06/18/2025 12:43,deposit,,,True,True,True,False,False,True,107,2141,long,124300
ABM250EJ_20250618_20250618.txt_SESSION_166_20250803_093331,ABM250EJ_20250618_20250618.txt,06/18/2025 12:43,06/18/2025 12:45,deposit,,,True,True,True,False,False,True,87,1784,long,124502
ABM250EJ_20250618_20250618.txt_SESSION_167_20250803_093331,ABM250EJ_20250618_20250618.txt,06/18/2025 12:45,06/18/2025 12:47,deposit,,,True,True,True,False,False,True,83,1723,long,688080
ABM250EJ_20250618_20250618.txt_SESSION_168_20250803_093331,ABM250EJ_20250618_20250618.txt,06/18/2025 12:47,06/18/2025 12:49,deposit,,,True,True,True,False,False,True,107,2204,long,689148
ABM250EJ_20250618_20250618.txt_SESSION_169_20250803_093331,ABM250EJ_20250618_20250618.txt,06/18/2025 12:49,06/18/2025 12:50,balance_inquiry,,,True,True,True,False,False,True,35,775,normal,
ABM250EJ_20250618_20250618.txt_SESSION_170_20250803_093331,ABM250EJ_20250618_20250618.txt,06/18/2025 12:50,06/18/2025 12:51,balance_inquiry,,,True,True,True,False,False,True,36,769,normal,124908
ABM250EJ_20250618_20250618.txt_SESSION_171_20250803_093331,ABM250EJ_20250618_20250618.txt,06/18/2025 12:52,06/18/2025 12:53,deposit,,,True,True,True,False,False,True,87,1788,long,125010
ABM250EJ_20250618_20250618.txt_SESSION_172_20250803_093331,ABM250EJ_20250618_20250618.txt,06/18/2025 12:54,06/18/2025 12:54,,,,True,False,True,False,False,True,9,299,short,
ABM250EJ_20250618_20250618.txt_SESSION_173_20250803_093331,ABM250EJ_20250618_20250618.txt,06/18/2025 12:54,06/18/2025 12:57,deposit,,,True,True,True,False,False,True,165,3307,long,125512
ABM250EJ_20250618_20250618.txt_SESSION_174_20250803_093331,ABM250EJ_20250618_20250618.txt,06/18/2025 12:57,06/18/2025 12:59,deposit,,,True,True,True,False,False,True,87,1788,long,125815
ABM250EJ_20250618_20250618.txt_SESSION_175_20250803_093331,ABM250EJ_20250618_20250618.txt,06/18/2025 12:59,06/18/2025 13:00,balance_inquiry,,,True,False,True,False,False,True,31,690,normal,
ABM250EJ_20250618_20250618.txt_SESSION_176_20250803_093331,ABM250EJ_20250618_20250618.txt,06/18/2025 13:00,06/18/2025 13:01,balance_inquiry,,,True,False,True,False,False,True,14,346,normal,
ABM250EJ_20250618_20250618.txt_SESSION_177_20250803_093331,ABM250EJ_20250618_20250618.txt,06/18/2025 13:01,06/18/2025 13:01,,,,True,False,True,False,False,True,9,299,short,
ABM250EJ_20250618_20250618.txt_SESSION_178_20250803_093331,ABM250EJ_20250618_20250618.txt,06/18/2025 13:02,06/18/2025 13:02,balance_inquiry,,,True,False,True,False,False,True,14,346,normal,
ABM250EJ_20250618_20250618.txt_SESSION_179_20250803_093331,ABM250EJ_20250618_20250618.txt,06/18/2025 13:02,06/18/2025 13:03,balance_inquiry,,,True,False,True,False,False,True,35,776,normal,032516
ABM250EJ_20250618_20250618.txt_SESSION_180_20250803_093331,ABM250EJ_20250618_20250618.txt,06/18/2025 13:03,06/18/2025 13:05,deposit,,,True,True,True,False,False,True,91,1919,long,130223
ABM250EJ_20250618_20250618.txt_SESSION_181_20250803_093331,ABM250EJ_20250618_20250618.txt,06/18/2025 13:05,06/18/2025 13:07,deposit,,,True,True,True,False,False,True,122,2446,long,130425
ABM250EJ_20250618_20250618.txt_SESSION_182_20250803_093331,ABM250EJ_20250618_20250618.txt,06/18/2025 13:10,06/18/2025 13:12,,,,True,True,True,False,False,True,47,997,normal,
ABM250EJ_20250618_20250618.txt_SESSION_183_20250803_093331,ABM250EJ_20250618_20250618.txt,06/18/2025 13:13,06/18/2025 13:14,withdrawal,30000.0,,True,True,True,True,True,True,45,1072,normal,131229
ABM250EJ_20250618_20250618.txt_SESSION_184_20250803_093331,ABM250EJ_20250618_20250618.txt,06/18/2025 13:14,06/18/2025 13:15,withdrawal,30000.0,,True,True,True,True,True,True,45,1072,normal,131331
ABM250EJ_20250618_20250618.txt_SESSION_185_20250803_093331,ABM250EJ_20250618_20250618.txt,06/18/2025 13:16,06/18/2025 13:17,withdrawal,18000.0,,True,True,True,True,True,True,45,1072,normal,131633
ABM250EJ_20250618_20250618.txt_SESSION_186_20250803_093331,ABM250EJ_20250618_20250618.txt,06/18/2025 13:18,06/18/2025 13:19,deposit,,,True,True,True,False,False,True,87,1788,long,131835
ABM250EJ_20250618_20250618.txt_SESSION_187_20250803_093331,ABM250EJ_20250618_20250618.txt,06/18/2025 13:20,06/18/2025 13:20,balance_inquiry,,,True,False,True,False,False,True,35,776,normal,009703
ABM250EJ_20250618_20250618.txt_SESSION_188_20250803_093331,ABM250EJ_20250618_20250618.txt,06/18/2025 13:21,06/18/2025 13:22,withdrawal,46000.0,,True,True,True,True,True,True,45,1072,normal,132139
ABM250EJ_20250618_20250618.txt_SESSION_189_20250803_093331,ABM250EJ_20250618_20250618.txt,06/18/2025 13:22,06/18/2025 13:23,balance_inquiry,,,True,True,True,False,False,True,35,775,normal,
ABM250EJ_20250618_20250618.txt_SESSION_190_20250803_093331,ABM250EJ_20250618_20250618.txt,06/18/2025 13:23,06/18/2025 13:24,withdrawal,1000.0,,True,True,True,True,True,True,45,1072,normal,132343
ABM250EJ_20250618_20250618.txt_SESSION_191_20250803_093331,ABM250EJ_20250618_20250618.txt,06/18/2025 13:24,06/18/2025 13:26,deposit,,,True,True,True,False,False,True,148,2910,long,132645
ABM250EJ_20250618_20250618.txt_SESSION_192_20250803_093331,ABM250EJ_20250618_20250618.txt,06/18/2025 13:26,06/18/2025 13:28,deposit,,,True,True,True,False,False,True,87,1788,long,132747
ABM250EJ_20250618_20250618.txt_SESSION_193_20250803_093331,ABM250EJ_20250618_20250618.txt,06/18/2025 13:28,06/18/2025 13:29,balance_inquiry,,,True,True,True,False,False,True,36,769,normal,132849
ABM250EJ_20250618_20250618.txt_SESSION_194_20250803_093331,ABM250EJ_20250618_20250618.txt,06/18/2025 13:29,06/18/2025 13:30,deposit,,,True,True,True,False,False,True,87,1788,long,133051
ABM250EJ_20250618_20250618.txt_SESSION_195_20250803_093331,ABM250EJ_20250618_20250618.txt,06/18/2025 13:30,06/18/2025 13:31,withdrawal,8000.0,,True,True,True,True,True,True,46,1106,normal,133112
ABM250EJ_20250618_20250618.txt_SESSION_196_20250803_093331,ABM250EJ_20250618_20250618.txt,06/18/2025 13:31,06/18/2025 13:32,withdrawal,29000.0,,True,True,True,True,True,True,45,1072,normal,133254
ABM250EJ_20250618_20250618.txt_SESSION_197_20250803_093331,ABM250EJ_20250618_20250618.txt,06/18/2025 13:34,06/18/2025 13:39,deposit,,,True,True,True,False,False,True,220,4595,long,133956
ABM250EJ_20250618_20250618.txt_SESSION_198_20250803_093331,ABM250EJ_20250618_20250618.txt,06/18/2025 13:39,06/18/2025 13:39,,,,True,False,True,False,False,True,9,299,short,
ABM250EJ_20250618_20250618.txt_SESSION_199_20250803_093331,ABM250EJ_20250618_20250618.txt,06/18/2025 13:40,06/18/2025 13:41,deposit,,,True,True,True,False,False,True,87,1784,long,134158
ABM250EJ_20250618_20250618.txt_SESSION_200_20250803_093331,ABM250EJ_20250618_20250618.txt,06/18/2025 13:42,06/18/2025 13:43,withdrawal,4000.0,,True,True,True,True,True,True,43,1056,normal,134312
ABM250EJ_20250618_20250618.txt_SESSION_201_20250803_093331,ABM250EJ_20250618_20250618.txt,06/18/2025 13:43,06/18/2025 13:44,withdrawal,7000.0,,True,True,True,True,True,True,43,1056,normal,134404
ABM250EJ_20250618_20250618.txt_SESSION_202_20250803_093331,ABM250EJ_20250618_20250618.txt,06/18/2025 13:44,06/18/2025 13:45,withdrawal,10000.0,,True,True,True,True,True,True,43,1056,normal,134457
ABM250EJ_20250618_20250618.txt_SESSION_203_20250803_093331,ABM250EJ_20250618_20250618.txt,06/18/2025 13:45,06/18/2025 13:46,balance_inquiry,,,True,True,True,False,False,True,32,712,normal,
ABM250EJ_20250618_20250618.txt_SESSION_204_20250803_093331,ABM250EJ_20250618_20250618.txt,06/18/2025 13:46,06/18/2025 13:47,withdrawal,5000.0,,True,True,True,True,True,True,45,1072,normal,134464
ABM250EJ_20250618_20250618.txt_SESSION_205_20250803_093331,ABM250EJ_20250618_20250618.txt,06/18/2025 13:47,06/18/2025 13:48,withdrawal,2000.0,,True,True,True,True,True,True,45,1072,normal,134566
ABM250EJ_20250618_20250618.txt_SESSION_207_20250803_093331,ABM250EJ_20250618_20250618.txt,06/18/2025 13:52,06/18/2025 13:53,withdrawal,4000.0,,True,True,True,True,True,True,45,1072,normal,135269
ABM250EJ_20250618_20250618.txt_SESSION_208_20250803_093331,ABM250EJ_20250618_20250618.txt,06/18/2025 13:53,06/18/2025 13:55,,,,True,True,True,False,False,True,28,640,normal,
ABM250EJ_20250618_20250618.txt_SESSION_209_20250803_093331,ABM250EJ_20250618_20250618.txt,06/18/2025 13:57,06/18/2025 13:58,withdrawal,5000.0,,True,True,True,True,True,True,45,1072,normal,135772
ABM250EJ_20250618_20250618.txt_SESSION_210_20250803_093331,ABM250EJ_20250618_20250618.txt,06/18/2025 13:58,06/18/2025 13:59,balance_inquiry,,,True,True,True,False,False,True,31,687,normal,
ABM250EJ_20250618_20250618.txt_SESSION_211_20250803_093331,ABM250EJ_20250618_20250618.txt,06/18/2025 13:59,06/18/2025 13:59,balance_inquiry,,,True,True,True,False,False,True,36,772,normal,135976
ABM250EJ_20250618_20250618.txt_SESSION_212_20250803_093331,ABM250EJ_20250618_20250618.txt,06/18/2025 14:02,06/18/2025 14:03,withdrawal,5000.0,,True,True,True,True,True,True,45,1072,normal,140378
ABM250EJ_20250618_20250618.txt_SESSION_213_20250803_093331,ABM250EJ_20250618_20250618.txt,06/18/2025 14:06,06/18/2025 14:07,balance_inquiry,,,True,False,True,False,False,True,35,776,normal,019847
ABM250EJ_20250618_20250618.txt_SESSION_214_20250803_093331,ABM250EJ_20250618_20250618.txt,06/18/2025 14:07,06/18/2025 14:08,balance_inquiry,,,True,True,True,False,False,True,36,772,normal,140882
ABM250EJ_20250618_20250618.txt_SESSION_215_20250803_093331,ABM250EJ_20250618_20250618.txt,06/18/2025 14:08,06/18/2025 14:09,withdrawal,4000.0,,True,True,True,True,True,True,45,1072,normal,140984
ABM250EJ_20250618_20250618.txt_SESSION_216_20250803_093331,ABM250EJ_20250618_20250618.txt,06/18/2025 14:09,06/18/2025 14:11,withdrawal,26000.0,,True,True,True,True,True,True,50,1181,normal,141087
ABM250EJ_20250618_20250618.txt_SESSION_217_20250803_093331,ABM250EJ_20250618_20250618.txt,06/18/2025 14:12,06/18/2025 14:13,withdrawal,13000.0,,True,True,True,True,True,True,45,1072,normal,141389
ABM250EJ_20250618_20250618.txt_SESSION_219_20250803_093331,ABM250EJ_20250618_20250618.txt,06/18/2025 14:19,06/18/2025 14:20,withdrawal,12000.0,,True,True,True,True,True,True,45,1072,normal,141992
ABM250EJ_20250618_20250618.txt_SESSION_220_20250803_093331,ABM250EJ_20250618_20250618.txt,06/18/2025 14:21,06/18/2025 14:22,balance_inquiry,,,True,True,True,False,False,True,15,374,normal,
ABM250EJ_20250618_20250618.txt_SESSION_221_20250803_093331,ABM250EJ_20250618_20250618.txt,06/18/2025 14:23,06/18/2025 14:24,balance_inquiry,,,True,True,True,False,False,True,19,438,normal,
ABM250EJ_20250618_20250618.txt_SESSION_222_20250803_093331,ABM250EJ_20250618_20250618.txt,06/18/2025 14:24,06/18/2025 14:25,withdrawal,20000.0,,True,True,True,True,True,True,45,1072,normal,142297
ABM250EJ_20250618_20250618.txt_SESSION_223_20250803_093331,ABM250EJ_20250618_20250618.txt,06/18/2025 14:25,06/18/2025 14:26,balance_inquiry,,,True,False,True,False,False,True,35,776,normal,092385
ABM250EJ_20250618_20250618.txt_SESSION_224_20250803_093331,ABM250EJ_20250618_20250618.txt,06/18/2025 14:26,06/18/2025 14:27,withdrawal,7000.0,,True,True,True,True,True,True,45,1072,normal,142601
ABM250EJ_20250618_20250618.txt_SESSION_225_20250803_093331,ABM250EJ_20250618_20250618.txt,06/18/2025 14:27,06/18/2025 14:28,withdrawal,1000.0,,True,True,True,True,True,True,45,1072,normal,142603
ABM250EJ_20250618_20250618.txt_SESSION_226_20250803_093331,ABM250EJ_20250618_20250618.txt,06/18/2025 14:28,06/18/2025 14:29,withdrawal,3000.0,,True,True,True,True,True,True,45,1072,normal,142905
ABM250EJ_20250618_20250618.txt_SESSION_227_20250803_093331,ABM250EJ_20250618_20250618.txt,06/18/2025 14:32,06/18/2025 14:33,withdrawal,80000.0,,True,True,True,True,True,True,45,1072,normal,143307
ABM250EJ_20250618_20250618.txt_SESSION_228_20250803_093331,ABM250EJ_20250618_20250618.txt,06/18/2025 14:34,06/18/2025 14:35,withdrawal,20000.0,,True,True,True,True,True,True,45,1072,normal,143209
ABM250EJ_20250618_20250618.txt_SESSION_230_20250803_093331,ABM250EJ_20250618_20250618.txt,06/18/2025 14:37,06/18/2025 14:38,balance_inquiry,,,True,True,True,False,False,True,35,775,normal,
ABM250EJ_20250618_20250618.txt_SESSION_231_20250803_093331,ABM250EJ_20250618_20250618.txt,06/18/2025 14:38,06/18/2025 14:39,withdrawal,2000.0,,True,True,True,True,True,True,45,1072,normal,143714
ABM250EJ_20250618_20250618.txt_SESSION_232_20250803_093331,ABM250EJ_20250618_20250618.txt,06/18/2025 14:45,06/18/2025 14:46,withdrawal,15000.0,,True,True,True,True,True,True,45,1072,normal,144516
ABM250EJ_20250618_20250618.txt_SESSION_233_20250803_093331,ABM250EJ_20250618_20250618.txt,06/18/2025 14:46,06/18/2025 14:47,withdrawal,10000.0,,True,True,True,True,True,True,45,1072,normal,144418
ABM250EJ_20250618_20250618.txt_SESSION_234_20250803_093331,ABM250EJ_20250618_20250618.txt,06/18/2025 14:47,06/18/2025 14:48,balance_inquiry,,,True,True,True,False,False,True,35,775,normal,
ABM250EJ_20250618_20250618.txt_SESSION_235_20250803_093331,ABM250EJ_20250618_20250618.txt,06/18/2025 14:49,06/18/2025 14:50,withdrawal,100000.0,,True,True,True,True,True,True,45,1074,normal,144722
ABM250EJ_20250618_20250618.txt_SESSION_236_20250803_093331,ABM250EJ_20250618_20250618.txt,06/18/2025 14:51,06/18/2025 14:51,balance_inquiry,,,True,False,True,False,False,True,35,776,normal,025014
ABM250EJ_20250618_20250618.txt_SESSION_237_20250803_093331,ABM250EJ_20250618_20250618.txt,06/18/2025 14:51,06/18/2025 14:53,withdrawal,10000.0,,True,True,True,True,True,True,45,1072,normal,145026
ABM250EJ_20250618_20250618.txt_SESSION_238_20250803_093331,ABM250EJ_20250618_20250618.txt,06/18/2025 14:55,06/18/2025 14:56,balance_inquiry,,,True,True,True,False,False,True,32,712,normal,
ABM250EJ_20250618_20250618.txt_SESSION_239_20250803_093331,ABM250EJ_20250618_20250618.txt,06/18/2025 14:56,06/18/2025 14:56,,,,True,False,True,False,False,True,10,353,normal,
ABM250EJ_20250618_20250618.txt_SESSION_240_20250803_093331,ABM250EJ_20250618_20250618.txt,06/18/2025 14:56,06/18/2025 14:57,withdrawal,1000.0,,True,True,True,True,True,True,45,1072,normal,145529
ABM250EJ_20250618_20250618.txt_SESSION_241_20250803_093331,ABM250EJ_20250618_20250618.txt,06/18/2025 14:58,06/18/2025 14:59,withdrawal,5000.0,,True,True,True,True,True,True,45,1119,normal,877336
ABM250EJ_20250618_20250618.txt_SESSION_242_20250803_093331,ABM250EJ_20250618_20250618.txt,06/18/2025 15:01,06/18/2025 15:02,balance_inquiry,,,True,True,True,False,False,True,32,716,normal,
ABM250EJ_20250618_20250618.txt_SESSION_243_20250803_093331,ABM250EJ_20250618_20250618.txt,06/18/2025 15:02,06/18/2025 15:03,balance_inquiry,,,True,True,True,False,False,True,36,771,normal,150234
ABM250EJ_20250618_20250618.txt_SESSION_244_20250803_093331,ABM250EJ_20250618_20250618.txt,06/18/2025 15:03,06/18/2025 15:04,withdrawal,3000.0,,True,True,True,True,True,True,45,1072,normal,150136
ABM250EJ_20250618_20250618.txt_SESSION_245_20250803_093331,ABM250EJ_20250618_20250618.txt,06/18/2025 15:04,06/18/2025 15:05,withdrawal,6000.0,,True,True,True,True,True,True,45,1072,normal,150238
ABM250EJ_20250618_20250618.txt_SESSION_246_20250803_093331,ABM250EJ_20250618_20250618.txt,06/18/2025 15:05,06/18/2025 15:06,withdrawal,4000.0,,True,True,True,True,True,True,45,1072,normal,150540
ABM250EJ_20250618_20250618.txt_SESSION_247_20250803_093331,ABM250EJ_20250618_20250618.txt,06/18/2025 15:06,06/18/2025 15:07,balance_inquiry,,,True,False,True,False,False,True,31,690,normal,
ABM250EJ_20250618_20250618.txt_SESSION_248_20250803_093331,ABM250EJ_20250618_20250618.txt,06/18/2025 15:07,06/18/2025 15:07,balance_inquiry,,,True,False,True,False,False,True,31,690,normal,
ABM250EJ_20250618_20250618.txt_SESSION_249_20250803_093331,ABM250EJ_20250618_20250618.txt,06/18/2025 15:08,06/18/2025 15:08,balance_inquiry,,,True,False,True,False,False,True,31,690,normal,
ABM250EJ_20250618_20250618.txt_SESSION_250_20250803_093331,ABM250EJ_20250618_20250618.txt,06/18/2025 15:13,06/18/2025 15:14,balance_inquiry,,,True,False,True,False,False,True,31,690,normal,
ABM250EJ_20250618_20250618.txt_SESSION_251_20250803_093331,ABM250EJ_20250618_20250618.txt,06/18/2025 15:14,06/18/2025 15:15,balance_inquiry,,,True,False,True,False,False,True,31,690,normal,
ABM250EJ_20250618_20250618.txt_SESSION_252_20250803_093331,ABM250EJ_20250618_20250618.txt,06/18/2025 15:19,06/18/2025 15:20,balance_inquiry,,,True,False,True,False,False,True,31,690,normal,
ABM250EJ_20250618_20250618.txt_SESSION_253_20250803_093331,ABM250EJ_20250618_20250618.txt,06/18/2025 15:20,06/18/2025 15:21,balance_inquiry,,,True,False,True,False,False,True,31,690,normal,
ABM250EJ_20250618_20250618.txt_SESSION_255_20250803_093331,ABM250EJ_20250618_20250618.txt,06/18/2025 15:36,06/18/2025 15:37,withdrawal,20000.0,,True,True,True,True,True,True,46,1118,normal,153458
ABM250EJ_20250618_20250618.txt_SESSION_256_20250803_093331,ABM250EJ_20250618_20250618.txt,06/18/2025 15:37,06/18/2025 15:38,,,,True,True,True,False,False,True,27,620,normal,
ABM250EJ_20250618_20250618.txt_SESSION_257_20250803_093331,ABM250EJ_20250618_20250618.txt,06/18/2025 15:38,06/18/2025 15:39,withdrawal,2000.0,,True,True,True,True,True,True,46,1106,normal,153841
ABM250EJ_20250618_20250618.txt_SESSION_258_20250803_093331,ABM250EJ_20250618_20250618.txt,06/18/2025 15:39,06/18/2025 15:40,,,,True,True,True,False,False,True,27,620,normal,
ABM250EJ_20250618_20250618.txt_SESSION_259_20250803_093331,ABM250EJ_20250618_20250618.txt,06/18/2025 15:40,06/18/2025 15:40,,,,True,True,True,False,False,True,27,620,normal,
ABM250EJ_20250618_20250618.txt_SESSION_260_20250803_093331,ABM250EJ_20250618_20250618.txt,06/18/2025 15:40,06/18/2025 15:41,withdrawal,1000.0,,True,True,True,True,True,True,46,1106,normal,154113
ABM250EJ_20250618_20250618.txt_SESSION_261_20250803_093331,ABM250EJ_20250618_20250618.txt,06/18/2025 15:41,06/18/2025 15:44,deposit,,,True,True,True,False,False,True,104,2148,long,154162
ABM250EJ_20250618_20250618.txt_SESSION_262_20250803_093331,ABM250EJ_20250618_20250618.txt,06/18/2025 15:44,06/18/2025 15:45,withdrawal,2000.0,,True,True,True,True,True,True,45,1072,normal,154464
ABM250EJ_20250618_20250618.txt_SESSION_263_20250803_093331,ABM250EJ_20250618_20250618.txt,06/18/2025 15:45,06/18/2025 15:46,withdrawal,5000.0,,True,True,True,True,True,True,43,1050,normal,21
ABM250EJ_20250618_20250618.txt_SESSION_264_20250803_093331,ABM250EJ_20250618_20250618.txt,06/18/2025 15:46,06/18/2025 15:47,withdrawal,7000.0,,True,True,True,True,True,True,45,1119,normal,902906
ABM250EJ_20250618_20250618.txt_SESSION_265_20250803_093331,ABM250EJ_20250618_20250618.txt,06/18/2025 15:47,06/18/2025 15:48,balance_inquiry,,,True,True,True,False,False,True,36,771,normal,154768
ABM250EJ_20250618_20250618.txt_SESSION_266_20250803_093331,ABM250EJ_20250618_20250618.txt,06/18/2025 15:48,06/18/2025 15:49,withdrawal,5000.0,,True,True,True,True,True,True,45,1072,normal,154870
ABM250EJ_20250618_20250618.txt_SESSION_267_20250803_093331,ABM250EJ_20250618_20250618.txt,06/18/2025 15:49,06/18/2025 15:50,deposit,,,True,True,True,False,False,True,87,1788,long,154772
ABM250EJ_20250618_20250618.txt_SESSION_268_20250803_093331,ABM250EJ_20250618_20250618.txt,06/18/2025 15:50,06/18/2025 15:51,,,,True,True,True,False,False,True,29,672,normal,
ABM250EJ_20250618_20250618.txt_SESSION_269_20250803_093331,ABM250EJ_20250618_20250618.txt,06/18/2025 15:51,06/18/2025 15:52,withdrawal,2000.0,,True,True,True,True,True,True,45,1119,normal,905119
ABM250EJ_20250618_20250618.txt_SESSION_270_20250803_093331,ABM250EJ_20250618_20250618.txt,06/18/2025 15:52,06/18/2025 15:53,deposit,,,True,True,True,False,False,True,112,2336,long,155175
ABM250EJ_20250618_20250618.txt_SESSION_271_20250803_093331,ABM250EJ_20250618_20250618.txt,06/18/2025 15:54,06/18/2025 15:55,deposit,,,True,True,True,False,False,True,61,1273,long,
ABM250EJ_20250618_20250618.txt_SESSION_272_20250803_093331,ABM250EJ_20250618_20250618.txt,06/18/2025 15:55,06/18/2025 15:56,withdrawal,5000.0,,True,True,True,True,True,True,43,1056,normal,155553
ABM250EJ_20250618_20250618.txt_SESSION_273_20250803_093331,ABM250EJ_20250618_20250618.txt,06/18/2025 15:56,06/18/2025 15:56,,,,True,False,True,False,False,True,10,353,normal,
ABM250EJ_20250618_20250618.txt_SESSION_275_20250803_093331,ABM250EJ_20250618_20250618.txt,06/18/2025 16:16,06/18/2025 16:16,,,,True,False,True,False,False,True,9,299,short,
ABM250EJ_20250618_20250618.txt_SESSION_276_20250803_093331,ABM250EJ_20250618_20250618.txt,06/18/2025 16:16,06/18/2025 16:21,deposit,,,True,True,True,False,False,True,214,4189,long,161979
ABM250EJ_20250618_20250618.txt_SESSION_277_20250803_093331,ABM250EJ_20250618_20250618.txt,06/18/2025 16:21,06/18/2025 16:22,deposit,,,True,True,True,False,False,True,87,1788,long,162282
ABM250EJ_20250618_20250618.txt_SESSION_278_20250803_093331,ABM250EJ_20250618_20250618.txt,06/18/2025 16:22,06/18/2025 16:24,deposit,,,True,True,True,False,False,True,87,1788,long,162284
ABM250EJ_20250618_20250618.txt_SESSION_279_20250803_093331,ABM250EJ_20250618_20250618.txt,06/18/2025 16:25,06/18/2025 16:26,withdrawal,10000.0,,True,True,True,True,True,True,50,1181,normal,162687
ABM250EJ_20250618_20250618.txt_SESSION_280_20250803_093331,ABM250EJ_20250618_20250618.txt,06/18/2025 16:27,06/18/2025 16:29,deposit,,,True,True,True,False,False,True,87,1788,long,162689
ABM250EJ_20250618_20250618.txt_SESSION_281_20250803_093331,ABM250EJ_20250618_20250618.txt,06/18/2025 16:34,06/18/2025 16:34,balance_inquiry,,,True,True,True,False,False,True,33,730,normal,163444
ABM250EJ_20250618_20250618.txt_SESSION_282_20250803_093331,ABM250EJ_20250618_20250618.txt,06/18/2025 16:40,06/18/2025 16:40,,,,True,False,True,False,False,True,9,299,short,
ABM250EJ_20250618_20250618.txt_SESSION_283_20250803_093331,ABM250EJ_20250618_20250618.txt,06/18/2025 16:40,06/18/2025 16:41,withdrawal,100000.0,,True,True,True,True,True,True,45,1074,normal,163992
ABM250EJ_20250618_20250618.txt_SESSION_284_20250803_093331,ABM250EJ_20250618_20250618.txt,06/18/2025 16:42,06/18/2025 16:42,,,,True,True,True,False,False,True,27,620,normal,
ABM250EJ_20250618_20250618.txt_SESSION_285_20250803_093331,ABM250EJ_20250618_20250618.txt,06/18/2025 16:42,06/18/2025 16:43,withdrawal,49000.0,,True,True,True,True,True,True,43,1056,normal,601940
ABM250EJ_20250618_20250618.txt_SESSION_286_20250803_093331,ABM250EJ_20250618_20250618.txt,06/18/2025 16:43,06/18/2025 16:45,deposit,,,True,True,True,False,False,True,111,2270,long,164395
ABM250EJ_20250618_20250618.txt_SESSION_287_20250803_093331,ABM250EJ_20250618_20250618.txt,06/18/2025 16:46,06/18/2025 16:47,withdrawal,84000.0,,True,True,True,True,True,True,45,1072,normal,164697
ABM250EJ_20250618_20250618.txt_SESSION_288_20250803_093331,ABM250EJ_20250618_20250618.txt,06/18/2025 16:47,06/18/2025 16:48,withdrawal,5000.0,,True,True,True,True,True,True,45,1072,normal,164599
ABM250EJ_20250618_20250618.txt_SESSION_289_20250803_093331,ABM250EJ_20250618_20250618.txt,06/18/2025 16:48,06/18/2025 16:50,withdrawal,30000.0,,True,True,True,True,True,True,45,1072,normal,164701
ABM250EJ_20250618_20250618.txt_SESSION_290_20250803_093331,ABM250EJ_20250618_20250618.txt,06/18/2025 16:50,06/18/2025 16:51,withdrawal,5000.0,,True,True,True,True,True,True,45,1072,normal,164803
ABM250EJ_20250618_20250618.txt_SESSION_291_20250803_093331,ABM250EJ_20250618_20250618.txt,06/18/2025 16:51,06/18/2025 16:52,deposit,,,True,True,True,False,False,True,87,1788,long,165205
ABM250EJ_20250618_20250618.txt_SESSION_292_20250803_093331,ABM250EJ_20250618_20250618.txt,06/18/2025 16:52,06/18/2025 16:54,deposit,,,True,True,True,False,False,True,102,2094,long,165307
ABM250EJ_20250618_20250618.txt_SESSION_293_20250803_093331,ABM250EJ_20250618_20250618.txt,06/18/2025 16:54,06/18/2025 16:54,withdrawal,1000.0,,True,True,True,True,True,True,40,981,normal,009327
ABM250EJ_20250618_20250618.txt_SESSION_294_20250803_093331,ABM250EJ_20250618_20250618.txt,06/18/2025 16:54,06/18/2025 16:55,withdrawal,5000.0,,True,True,True,True,True,True,45,1072,normal,165510
ABM250EJ_20250618_20250618.txt_SESSION_295_20250803_093331,ABM250EJ_20250618_20250618.txt,06/18/2025 16:56,06/18/2025 16:57,withdrawal,30000.0,,True,True,True,True,True,True,45,1072,normal,165412
ABM250EJ_20250618_20250618.txt_SESSION_296_20250803_093331,ABM250EJ_20250618_20250618.txt,06/18/2025 16:57,06/18/2025 16:58,withdrawal,39000.0,,True,True,True,True,True,True,45,1119,normal,931521
ABM250EJ_20250618_20250618.txt_SESSION_297_20250803_093331,ABM250EJ_20250618_20250618.txt,06/18/2025 16:58,06/18/2025 16:58,,,,True,True,True,False,False,True,32,720,normal,
ABM250EJ_20250618_20250618.txt_SESSION_298_20250803_093331,ABM250EJ_20250618_20250618.txt,06/18/2025 17:02,06/18/2025 17:03,withdrawal,10000.0,,True,True,True,True,True,True,45,1072,normal,170316
ABM250EJ_20250618_20250618.txt_SESSION_299_20250803_093331,ABM250EJ_20250618_20250618.txt,06/18/2025 17:06,06/18/2025 17:07,withdrawal,28000.0,,True,True,True,True,True,True,45,1072,normal,170418
ABM250EJ_20250618_20250618.txt_SESSION_300_20250803_093331,ABM250EJ_20250618_20250618.txt,06/18/2025 17:09,06/18/2025 17:10,,,,True,True,True,False,False,True,28,644,normal,
ABM250EJ_20250618_20250618.txt_SESSION_301_20250803_093331,ABM250EJ_20250618_20250618.txt,06/18/2025 17:13,06/18/2025 17:15,deposit,,,True,True,True,False,False,True,79,1557,long,
ABM250EJ_20250618_20250618.txt_SESSION_302_20250803_093331,ABM250EJ_20250618_20250618.txt,06/18/2025 17:18,06/18/2025 17:19,balance_inquiry,,,True,True,True,False,False,True,36,770,normal,171923
ABM250EJ_20250618_20250618.txt_SESSION_303_20250803_093331,ABM250EJ_20250618_20250618.txt,06/18/2025 17:19,06/18/2025 17:20,balance_inquiry,,,True,True,True,False,False,True,32,712,normal,
ABM250EJ_20250618_20250618.txt_SESSION_304_20250803_093331,ABM250EJ_20250618_20250618.txt,06/18/2025 17:21,06/18/2025 17:22,balance_inquiry,,,True,True,True,False,False,True,36,771,normal,172126
ABM250EJ_20250618_20250618.txt_SESSION_305_20250803_093331,ABM250EJ_20250618_20250618.txt,06/18/2025 17:22,06/18/2025 17:22,,,,True,False,True,False,False,True,9,299,short,
ABM250EJ_20250618_20250618.txt_SESSION_306_20250803_093331,ABM250EJ_20250618_20250618.txt,06/18/2025 17:22,06/18/2025 17:24,balance_inquiry,,,True,True,True,False,False,True,32,712,normal,
ABM250EJ_20250618_20250618.txt_SESSION_307_20250803_093331,ABM250EJ_20250618_20250618.txt,06/18/2025 17:24,06/18/2025 17:25,withdrawal,5000.0,,True,True,True,True,True,True,45,1072,normal,172229
ABM250EJ_20250618_20250618.txt_SESSION_308_20250803_093331,ABM250EJ_20250618_20250618.txt,06/18/2025 17:25,06/18/2025 17:26,balance_inquiry,,,True,True,True,False,False,True,36,770,normal,172631
ABM250EJ_20250618_20250618.txt_SESSION_309_20250803_093331,ABM250EJ_20250618_20250618.txt,06/18/2025 17:26,06/18/2025 17:27,withdrawal,5000.0,,True,True,True,True,True,True,45,1072,normal,172433
ABM250EJ_20250618_20250618.txt_SESSION_311_20250803_093331,ABM250EJ_20250618_20250618.txt,06/18/2025 17:32,06/18/2025 17:33,withdrawal,3000.0,,True,True,True,True,True,True,46,1118,normal,173037
ABM250EJ_20250618_20250618.txt_SESSION_312_20250803_093331,ABM250EJ_20250618_20250618.txt,06/18/2025 17:33,06/18/2025 17:35,deposit,,,True,True,True,False,False,True,91,1918,long,173439
ABM250EJ_20250618_20250618.txt_SESSION_313_20250803_093331,ABM250EJ_20250618_20250618.txt,06/18/2025 17:35,06/18/2025 17:36,withdrawal,2000.0,,True,True,True,True,True,True,45,1072,normal,173341
ABM250EJ_20250618_20250618.txt_SESSION_314_20250803_093331,ABM250EJ_20250618_20250618.txt,06/18/2025 17:39,06/18/2025 17:40,balance_inquiry,,,True,True,True,False,False,True,36,768,normal,173743
ABM250EJ_20250618_20250618.txt_SESSION_315_20250803_093331,ABM250EJ_20250618_20250618.txt,06/18/2025 17:41,06/18/2025 17:41,balance_inquiry,,,True,True,True,False,False,True,35,788,normal,947163
ABM250EJ_20250618_20250618.txt_SESSION_316_20250803_093331,ABM250EJ_20250618_20250618.txt,06/18/2025 17:42,06/18/2025 17:43,,,,True,True,True,False,False,True,10,282,normal,
ABM250EJ_20250618_20250618.txt_SESSION_317_20250803_093331,ABM250EJ_20250618_20250618.txt,06/18/2025 17:43,06/18/2025 17:44,withdrawal,6000.0,,True,True,True,True,True,True,45,1072,normal,174146
ABM250EJ_20250618_20250618.txt_SESSION_318_20250803_093331,ABM250EJ_20250618_20250618.txt,06/18/2025 18:00,06/18/2025 18:02,deposit,,,True,True,True,False,False,True,87,1788,long,180148
ABM250EJ_20250618_20250618.txt_SESSION_319_20250803_093331,ABM250EJ_20250618_20250618.txt,06/18/2025 18:12,06/18/2025 18:13,,,,True,True,True,False,False,True,15,414,normal,
ABM250EJ_20250618_20250618.txt_SESSION_320_20250803_093331,ABM250EJ_20250618_20250618.txt,06/18/2025 18:23,06/18/2025 18:27,deposit,,,True,True,True,False,False,True,186,3885,long,182550
ABM250EJ_20250618_20250618.txt_SESSION_321_20250803_093331,ABM250EJ_20250618_20250618.txt,06/18/2025 18:27,06/18/2025 18:29,deposit,,,True,True,True,False,False,True,169,3437,long,182853
ABM250EJ_20250618_20250618.txt_SESSION_322_20250803_093331,ABM250EJ_20250618_20250618.txt,06/18/2025 18:31,06/18/2025 18:32,deposit,,,True,True,True,False,False,True,87,1788,long,182956
ABM250EJ_20250618_20250618.txt_SESSION_323_20250803_093331,ABM250EJ_20250618_20250618.txt,06/18/2025 18:32,06/18/2025 18:33,balance_inquiry,,,True,True,True,False,False,True,36,772,normal,183258
ABM250EJ_20250618_20250618.txt_SESSION_324_20250803_093331,ABM250EJ_20250618_20250618.txt,06/18/2025 18:33,06/18/2025 18:35,deposit,,,True,True,True,False,False,True,111,2266,long,183560
ABM250EJ_20250618_20250618.txt_SESSION_325_20250803_093331,ABM250EJ_20250618_20250618.txt,06/18/2025 18:36,06/18/2025 18:38,deposit,,,True,True,True,False,False,True,87,1784,long,183762
ABM250EJ_20250618_20250618.txt_SESSION_326_20250803_093331,ABM250EJ_20250618_20250618.txt,06/18/2025 18:38,06/18/2025 18:39,deposit,,,True,True,True,False,False,True,87,1788,long,183764
ABM250EJ_20250618_20250618.txt_SESSION_327_20250803_093331,ABM250EJ_20250618_20250618.txt,06/18/2025 18:40,06/18/2025 18:42,deposit,,,True,True,True,False,False,True,87,1784,long,183966
ABM250EJ_20250618_20250618.txt_SESSION_328_20250803_093331,ABM250EJ_20250618_20250618.txt,06/18/2025 18:44,06/18/2025 18:45,deposit,,,True,True,True,False,False,True,87,1789,long,184268
ABM250EJ_20250618_20250618.txt_SESSION_329_20250803_093331,ABM250EJ_20250618_20250618.txt,06/18/2025 18:45,06/18/2025 18:47,deposit,,,True,True,True,False,False,True,87,1788,long,184670
ABM250EJ_20250618_20250618.txt_SESSION_330_20250803_093331,ABM250EJ_20250618_20250618.txt,06/18/2025 18:55,06/18/2025 18:56,deposit,,,True,True,True,False,False,True,83,1722,long,909930
ABM250EJ_20250618_20250618.txt_SESSION_331_20250803_093331,ABM250EJ_20250618_20250618.txt,06/18/2025 18:57,06/18/2025 18:58,withdrawal,6000.0,,True,True,True,True,True,True,45,1072,normal,185773
ABM250EJ_20250618_20250618.txt_SESSION_332_20250803_093331,ABM250EJ_20250618_20250618.txt,06/18/2025 18:58,06/18/2025 19:00,deposit,,,True,True,True,False,False,True,76,1579,long,
ABM250EJ_20250618_20250618.txt_SESSION_333_20250803_093331,ABM250EJ_20250618_20250618.txt,06/18/2025 19:00,06/18/2025 19:01,withdrawal,5000.0,,True,True,True,True,True,True,45,1072,normal,185876
ABM250EJ_20250618_20250618.txt_SESSION_334_20250803_093331,ABM250EJ_20250618_20250618.txt,06/18/2025 19:01,06/18/2025 19:02,deposit,,,True,True,True,False,False,True,87,1788,long,190078
ABM250EJ_20250618_20250618.txt_SESSION_335_20250803_093331,ABM250EJ_20250618_20250618.txt,06/18/2025 19:03,06/18/2025 19:05,deposit,,,True,True,True,False,False,True,150,3000,long,190280
ABM250EJ_20250618_20250618.txt_SESSION_336_20250803_093331,ABM250EJ_20250618_20250618.txt,06/18/2025 19:05,06/18/2025 19:07,deposit,,,True,True,True,False,False,True,103,2165,long,190483
ABM250EJ_20250618_20250618.txt_SESSION_337_20250803_093331,ABM250EJ_20250618_20250618.txt,06/18/2025 19:12,06/18/2025 19:13,balance_inquiry,,,True,True,True,False,False,True,36,771,normal,191185
ABM250EJ_20250618_20250618.txt_SESSION_338_20250803_093331,ABM250EJ_20250618_20250618.txt,06/18/2025 19:13,06/18/2025 19:14,balance_inquiry,,,True,True,True,False,False,True,32,712,normal,
ABM250EJ_20250618_20250618.txt_SESSION_339_20250803_093331,ABM250EJ_20250618_20250618.txt,06/18/2025 19:14,06/18/2025 19:15,withdrawal,5000.0,,True,True,True,True,True,True,45,1072,normal,191488
ABM250EJ_20250618_20250618.txt_SESSION_340_20250803_093331,ABM250EJ_20250618_20250618.txt,06/18/2025 19:15,06/18/2025 19:18,deposit,,,True,True,True,False,False,True,150,3000,long,191490
ABM250EJ_20250618_20250618.txt_SESSION_341_20250803_093331,ABM250EJ_20250618_20250618.txt,06/18/2025 19:18,06/18/2025 19:19,deposit,,,True,True,True,False,False,True,87,1788,long,191993
ABM250EJ_20250618_20250618.txt_SESSION_342_20250803_093331,ABM250EJ_20250618_20250618.txt,06/18/2025 19:19,06/18/2025 19:21,deposit,,,True,True,True,False,False,True,87,1788,long,191895
ABM250EJ_20250618_20250618.txt_SESSION_343_20250803_093331,ABM250EJ_20250618_20250618.txt,06/18/2025 19:21,06/18/2025 19:22,deposit,,,True,True,True,False,False,True,87,1788,long,192297
ABM250EJ_20250618_20250618.txt_SESSION_346_20250803_093331,ABM250EJ_20250618_20250618.txt,06/18/2025 20:12,06/18/2025 20:14,deposit,,,True,True,True,False,False,True,88,1834,long,201101
ABM250EJ_20250618_20250618.txt_SESSION_347_20250803_093331,ABM250EJ_20250618_20250618.txt,06/18/2025 20:14,06/18/2025 20:15,balance_inquiry,,,True,True,True,False,False,True,25,558,normal,
ABM250EJ_20250618_20250618.txt_SESSION_348_20250803_093331,ABM250EJ_20250618_20250618.txt,06/18/2025 20:16,06/18/2025 20:17,balance_inquiry,,,True,True,True,False,False,True,15,374,normal,
ABM250EJ_20250618_20250618.txt_SESSION_349_20250803_093331,ABM250EJ_20250618_20250618.txt,06/18/2025 20:17,06/18/2025 20:18,balance_inquiry,,,True,True,True,False,False,True,24,530,normal,
ABM250EJ_20250618_20250618.txt_SESSION_350_20250803_093331,ABM250EJ_20250618_20250618.txt,06/18/2025 20:18,06/18/2025 20:19,balance_inquiry,,,True,True,True,False,False,True,32,712,normal,
ABM250EJ_20250618_20250618.txt_SESSION_351_20250803_093331,ABM250EJ_20250618_20250618.txt,06/18/2025 20:22,06/18/2025 20:23,balance_inquiry,,,True,True,True,False,False,True,36,771,normal,202011
ABM250EJ_20250618_20250618.txt_SESSION_352_20250803_093331,ABM250EJ_20250618_20250618.txt,06/18/2025 20:23,06/18/2025 20:24,withdrawal,2000.0,,True,True,True,True,True,True,45,1072,normal,202113
ABM250EJ_20250618_20250618.txt_SESSION_353_20250803_093331,ABM250EJ_20250618_20250618.txt,06/18/2025 20:29,06/18/2025 20:30,withdrawal,100000.0,,True,True,True,True,True,True,46,1127,normal,203015
ABM250EJ_20250618_20250618.txt_SESSION_354_20250803_093331,ABM250EJ_20250618_20250618.txt,06/18/2025 20:34,06/18/2025 20:37,deposit,,,True,True,True,False,False,True,87,1784,long,203417
